Year,Internet
1990,0
2000,0.191071643
2010,10
2011,11.5
2012,13.4682
2013,15.4
2014,19
2015,21
2016,25.50657885
2017,27.8525791
2018,14.2999971
