Year,Internet
1990,0
2000,21.38473116
2010,56.3
2011,61
2012,65.8
2013,57.05751226
2014,63.66542588
2015,71.06406781
2016,78.78830993
2017,80.14047901
2018,81.20104862
